To,From,Reason for dishing,Institution,Date,Room,Avg %,IH per Praise,IH per person,period,batch
iviangita,Quantifiers,Gets paid by the Commons Stack so she only gets 50% IH,,,,0.0,-23.8705,23.87003435,#17 May 7,Batch 1
Suga#8514,Quantifiers,Gets paid by the Commons Stack so she only gets 50% IH,,,,0.0,,20.12199683,#17 May 7,Batch 1
sembrestels,Quantifiers,Gets paid from the Commons Swarm so she gets 15% of Sem IH,,,,0.0,-62.9663,11.11149818,#17 May 7,Batch 1
paulo_c2d,Quantifiers,Gets paid from his work with the Commons Swarm so he gets 15% of his IH,,,,0.0,-61.5179,10.85633422,#17 May 7,Batch 1
Laurenluz,Quantifiers,Gets paid by Giveth so she only gets 50% IH,,,,0.0,-9.262,9.262478414,#17 May 7,Batch 1
GriffGreen,Quantifiers,Gets paid by the Commons Stack so he only get 15% IH,,,,0.0,-50.5852,8.927063614,#17 May 7,Batch 1
atacas,Quantifiers,Gets paid by the Commons Stack so he only gets 50% IH,,,,0.0,-7.8235,7.823748029,#17 May 7,Batch 1
VitorMarthendal,Quantifiers,Gets paid from General Magic so he gets 15% of his IH,,,,0.0,-42.8349,7.559265334,#17 May 7,Batch 1
mateodaza,Quantifiers,Gets paid by Giveth so she only gets 50% IH,,,,0.0,-7.478,7.478048774,#17 May 7,Batch 1
chuygarcia92,Quantifiers,Gets paid from the Commons Swarm so she gets 15% of her IH,,,,0.0,-40.69375,7.18127319,#17 May 7,Batch 1
JuankBell,Quantifiers,Gets paid by the Commons Stack so he only get 15% IH,,,,0.0,-36.83985,6.501007788,#17 May 7,Batch 1
jeffemmett,Quantifiers,Gets paid by the Commons Stack so he only get 15% IH,,,,0.0,-6.2575,6.257951473,#17 May 7,Batch 1
liviade,Quantifiers,Gets paid by the Commons Stack so she only gets 15% IH,,,,0.0,-35.07185,6.18923096,#17 May 7,Batch 1
naynaysoo,Quantifiers,Gets paid by the Commons Stack so he only get 15% IH,,,,0.0,-33.24945,5.86706192,#17 May 7,Batch 1
xgabi,Quantifiers,Gets paid from the Commons Swarm so she gets 15% of Sem IH,,,,0.0,-5.005,5.005165508,#17 May 7,Batch 1
fabiosmendes,Quantifiers,Gets paid from General Magic so he gets 50% of his IH,,,,0.0,-27.2782,4.814245574,#17 May 7,Batch 1
Tam2140,Quantifiers,Gets paid by the Commons Stack so she only get 15% IH,,,,0.0,-27.18555,4.797711404,#17 May 7,Batch 1
Vyvy-vi#5040,Quantifiers,Gets paid by the Commons Stack so he only gets 85% IH,,,,0.0,-25.8077,4.554641424,#17 May 7,Batch 1
markop,Quantifiers,"Marko gets paid by General Magic to just be a bad ass designer for Blockchain4good projects, so he only gets 15% of his IH",,,,0.0,-13.6215,4.540587734,#17 May 7,Batch 1
sgonzt,Quantifiers,Gets paid partially by General Magic so he only gets 50% IH,,,,0.0,0.0,3.94116834,#17 May 7,Batch 1
JessicaZartler,Quantifiers,Gets paid by the Commons Stack so she only gets 15% IH,,,,0.0,-21.64015,3.818864055,#17 May 7,Batch 1
geleeroyale,Quantifiers,Gets paid by the Commons Stack so he only gets 50% IH,,,,0.0,-3.695,3.694587521,#17 May 7,Batch 1
vegayp,Quantifiers,Gets paid by the Commons Stack so he only gets 15% IH,,,,0.0,-19.57125,3.4535807,#17 May 7,Batch 1
kristoferkristofer ,Quantifiers,Gets paid by the Commons Stack so he only gets 50% IH,,,,0.0,0.0,3.323643426,#17 May 7,Batch 1
divine_comedian,Quantifiers,Gets paid by General Magic so he only get 15% IH,,,,0.0,-18.2716,3.22455709,#17 May 7,Batch 1
Krisjones,Quantifiers,Gets paid by the Commons Stack so he only gets 15% IH,,,,0.0,-17.4097,3.07265941,#17 May 7,Batch 1
fabimol,Quantifiers,Gets paid from his work with the Commons Swarm so he gets 15% of his IH,,,,0.0,-2.6375,2.637207254,#17 May 7,Batch 1
knobsDAO,Quantifiers,Gets paid by the Commons Stack so he only get 15% IH,,,,0.0,0.0,2.527601621,#17 May 7,Batch 1
aminlatifi,Quantifiers,Gets paid by the Giveth so he only gets 50% IH,,,,0.0,0.0,1.574104973,#17 May 7,Batch 1
katalenacaban,Quantifiers,Gets paid by the Commons Stack so she only get 15% IH,,,,0.0,0.0,0.0,#17 May 7,Batch 1
fiorebotta,Quantifiers,Gets paid from the Commons Swarm so she gets 15% of her IH,,,,0.0,0.0,0.0,#17 May 7,Batch 1
anthonyoliai,Quantifiers,Gets paid from his work with the Commons Swarm so he gets 15% of his IH,,,,0.0,0.0,0.0,#17 May 7,Batch 1
vivszaid,Quantifiers,Gets paid from the Commons Swarm so she gets 15% of her IH,,,,0.0,,0.0,#17 May 7,Batch 1
freedumbs00,Quantifiers,Gets paid by the Commons Stack so he only get 15% IH,,,,0.0,,0.0,#17 May 7,Batch 1
iviangita,Quantifiers,Gets paid by the Commons Stack so she only gets 50% IH,,,,0.0,-19.598,19.5979799,#16 Apr 24,Batch 1
Vyvy-vi#5040,Quantifiers,Gets paid by the Commons Stack so he only gets 50% IH,,,,0.0,-15.93,15.9296445,#16 Apr 24,Batch 1
kristoferkristofer ,Quantifiers,Gets paid by the Commons Stack so he only gets 50% IH,,,,0.0,-14.1555,14.15525285,#16 Apr 24,Batch 1
Laurenluz,Quantifiers,Gets paid by Giveth so she only gets 50% IH,,,,0.0,-10.744,10.74350945,#16 Apr 24,Batch 1
sembrestels,Quantifiers,Gets paid from the Commons Swarm so she gets 15% of Sem IH,,,,0.0,-59.98535,10.58577102,#16 Apr 24,Batch 1
GriffGreen,Quantifiers,Gets paid by the Commons Stack so he only get 15% IH,,,,0.0,-57.9462,10.22530884,#16 Apr 24,Batch 1
jeffemmett,Quantifiers,"Gets paid by the Commons Stack so he only get 15% IH, but because the praise was low we gave 75% IH",,,,0.0,-3.3585,10.07540818,#16 Apr 24,Batch 1
mateodaza,Quantifiers,Gets paid by Giveth so she only gets 50% IH,,,,0.0,-9.1065,9.106638651,#16 Apr 24,Batch 1
Krisjones,Quantifiers,"Gets paid by the Commons Stack so he only gets 15% IH, but because the praise was low we gave 50% IH",,,,0.0,-8.3105,8.310797183,#16 Apr 24,Batch 1
fabiosmendes,Quantifiers,Gets paid from General Magic so he gets 50% of his IH,,,,0.0,-8.3105,8.310758354,#16 Apr 24,Batch 1
liviade,Quantifiers,Gets paid by the Commons Stack so she only gets 15% IH,,,,0.0,-46.83415,8.26473812,#16 Apr 24,Batch 1
JuankBell,Quantifiers,Gets paid by the Commons Stack so he only get 15% IH,,,,0.0,-43.5676,7.688681407,#16 Apr 24,Batch 1
Tam2140,Quantifiers,Gets paid by the Commons Stack so she only get 15% IH,,,,0.0,-38.0086,7.557688821,#16 Apr 24,Batch 1
VitorMarthendal,Quantifiers,Gets paid from General Magic so he gets 15% of his IH,,,,0.0,-35.95925,6.34528457,#16 Apr 24,Batch 1
paulo_c2d,Quantifiers,Gets paid from his work with the Commons Swarm so he gets 15% of his IH,,,,0.0,-34.76245,6.13408937,#16 Apr 24,Batch 1
markop,Quantifiers,"Marko gets paid by General Magic to just be a bad ass designer for Blockchain4good projects, so he only gets 15% of his IH",,,,0.0,-33.3931,5.893070738,#16 Apr 24,Batch 1
knobsDAO,Quantifiers,"Gets paid by the Commons Stack so he only get 15% IH, but because the praise was low we gave 50% IH",,,,0.0,-5.514,5.513990374,#16 Apr 24,Batch 1
chuygarcia92,Quantifiers,Gets paid from the Commons Swarm so she gets 15% of her IH,,,,0.0,-30.93405,5.458612046,#16 Apr 24,Batch 1
freedumbs00,Quantifiers,Gets paid by the Commons Stack so he only get 15% IH,,,,0.0,-30.2039,5.330037842,#16 Apr 24,Batch 1
naynaysoo,Quantifiers,Gets paid by the Commons Stack so he only get 15% IH,,,,0.0,-29.7993,5.258861806,#16 Apr 24,Batch 1
vegayp,Quantifiers,Gets paid by the Commons Stack so he only gets 15% IH,,,,0.0,-26.85745,4.739761567,#16 Apr 24,Batch 1
divine_comedian,Quantifiers,Gets paid by General Magic so he only get 15% IH,,,,0.0,-26.31345,4.643275317,#16 Apr 24,Batch 1
xgabi,Quantifiers,Gets paid from the Commons Swarm so she gets 15% of Sem IH,,,,0.0,-24.4562,4.315707988,#16 Apr 24,Batch 1
JessicaZartler,Quantifiers,Gets paid by the Commons Stack so she only gets 15% IH,,,,0.0,-24.44005,4.313155762,#16 Apr 24,Batch 1
fabimol,Quantifiers,Gets paid from his work with the Commons Swarm so he gets 15% of his IH,,,,0.0,-22.0762,3.895521196,#16 Apr 24,Batch 1
sgonzt,Quantifiers,"Gets paid partially by General Magic so he only gets 50% IH, but because the praise was low we gave full IH",,,,0.0,0.0,3.228182002,#16 Apr 24,Batch 1
geleeroyale,Quantifiers,"Gets paid by the Commons Stack so he only gets 50% IH, but because the praise was low we gave full IH",,,,0.0,0.0,3.068223204,#16 Apr 24,Batch 1
vivszaid,Quantifiers,"Gets paid from the Commons Swarm so she gets 15% of her IH, but because the praise was low we gave full IH",,,,0.0,0.0,1.649783488,#16 Apr 24,Batch 1
fiorebotta,Quantifiers,"Gets paid from the Commons Swarm so she gets 15% of her IH, but because the praise was low we gave full IH",,,,0.0,0.0,1.649783488,#16 Apr 24,Batch 1
anthonyoliai,Quantifiers,"Gets paid from his work with the Commons Swarm so he gets 15% of his IH, but because the praise was low we gave full IH",,,,0.0,0.0,1.649783488,#16 Apr 24,Batch 1
katalenacaban,Quantifiers,Gets paid by the Commons Stack so she only get 15% IH,,,,0.0,0.0,0.0,#16 Apr 24,Batch 1
atacas,Quantifiers,Gets paid by the Commons Stack so he only gets 50% IH,,,,0.0,,0.0,#16 Apr 24,Batch 1
aminlatifi,Quantifiers,Gets paid by the Giveth so he only gets 50% IH,,,,0.0,,0.0,#16 Apr 24,Batch 1
iviangita,Quantifiers,Gets paid by the Commons Stack so she only gets 50% IH,,,,0.0,-21.3705,21.37049884,#15 Apr 9,Batch 1
Laurenluz,Quantifiers,Gets paid by Giveth so she only gets 50% IH,,,,0.0,-17.8175,17.81776325,#15 Apr 9,Batch 1
mateodaza,Quantifiers,Gets paid by Giveth so she only gets 50% IH,,,,0.0,-10.001,10.00056517,#15 Apr 9,Batch 1
GriffGreen,Quantifiers,Gets paid by the Commons Stack so he only get 15% IH,,,,0.0,-55.4421,9.783875323,#15 Apr 9,Batch 1
liviade,Quantifiers,Gets paid by the Commons Stack so she only gets 15% IH,,,,0.0,-46.53665,8.212567489,#15 Apr 9,Batch 1
sembrestels,Quantifiers,Gets paid from the Commons Swarm so she gets 15% of Sem IH,,,,0.0,-46.5018,8.205995329,#15 Apr 9,Batch 1
xgabi,Quantifiers,"Gets paid from the Commons Swarm so he gets 15% of his IH, but because the praise was low we gave full IH",,,,0.0,0.0,7.967277195,#15 Apr 9,Batch 1
JuankBell,Quantifiers,Gets paid by the Commons Stack so he only get 15% IH,,,,0.0,-42.00615,7.413129907,#15 Apr 9,Batch 1
Tam2140,Quantifiers,Gets paid by the Commons Stack so she only get 15% IH,,,,0.0,-39.7307,7.010968749,#15 Apr 9,Batch 1
markop,Quantifiers,"Marko gets paid by General Magic to just be a bad ass designer for Blockchain4good projects, so he only gets 15% of his IH",,,,0.0,-39.6219,6.992560491,#15 Apr 9,Batch 1
chuygarcia92,Quantifiers,Gets paid from the Commons Swarm so she gets 15% of her IH,,,,0.0,-38.3401,6.766306821,#15 Apr 9,Batch 1
naynaysoo,Quantifiers,Gets paid by the Commons Stack so he only get 15% IH,,,,0.0,-36.7914,6.492289456,#15 Apr 9,Batch 1
divine_comedian,Quantifiers,Gets paid by General Magic so he only get 15% IH,,,,0.0,-33.76625,5.958621165,#15 Apr 9,Batch 1
freedumbs00,Quantifiers,Gets paid by the Commons Stack so he only get 15% IH,,,,0.0,-32.92645,5.810801582,#15 Apr 9,Batch 1
paulo_c2d,Quantifiers,Gets paid from the Commons Swarm so she gets 15% of her IH,,,,0.0,0.0,5.803390284,#15 Apr 9,Batch 1
paulo_c2d,Quantifiers,Gets paid from his work with the Commons Swarm so he gets 15% of his IH,,,,0.0,-32.8848,5.803390284,#15 Apr 9,Batch 1
vegayp,Quantifiers,Gets paid by the Commons Stack so he only gets 15% IH,,,,0.0,-32.5754,5.748329845,#15 Apr 9,Batch 1
atacas,Quantifiers,"Gets paid by the Commons Stack so he only gets 50% IH, but because the praise was low we gave full IH",,,,0.0,0.0,5.359673961,#15 Apr 9,Batch 1
JessicaZartler,Quantifiers,Gets paid by the Commons Stack so she only gets 15% IH,,,,0.0,-30.0849,5.308923776,#15 Apr 9,Batch 1
sgonzt,Quantifiers,Gets paid partially by General Magic so he only gets 50% IH,,,,0.0,-4.373,4.373409987,#15 Apr 9,Batch 1
VitorMarthendal,Quantifiers,Gets paid from General Magic so he gets 15% of his IH,,,,0.0,-21.1599,3.734153631,#15 Apr 9,Batch 1
jeffemmett,Quantifiers,Gets paid by the Commons Stack so he only get 15% IH,,,,0.0,-20.15435,3.556254027,#15 Apr 9,Batch 1
fiorebotta,Quantifiers,Gets paid from the Commons Swarm so she gets 15% of her IH,,,,0.0,0.0,2.352356376,#15 Apr 9,Batch 1
anthonyoliai,Quantifiers,Gets paid from his work with the Commons Swarm so he gets 15% of his IH,,,,0.0,0.0,2.352356376,#15 Apr 9,Batch 1
Krisjones,Quantifiers,Gets paid by the Commons Stack so he only gets 15% IH,,,,0.0,-11.90255,2.100073445,#15 Apr 9,Batch 1
fabimol,Quantifiers,Gets paid from his work with the Commons Swarm so he gets 15% of his IH,,,,0.0,-10.4635,1.84633074,#15 Apr 9,Batch 1
geleeroyale,Quantifiers,"Gets paid by the Commons Stack so he only gets 50% IH, but because the praise was low we gave full IH",,,,0.0,0.0,1.651785716,#15 Apr 9,Batch 1
fabiosmendes,Quantifiers,Gets paid from General Magic so he gets 15% of his IH,,,,0.0,-9.12135,1.609504077,#15 Apr 9,Batch 1
knobsDAO,Quantifiers,Gets paid by the Commons Stack so he only get 15% IH,,,,0.0,-7.3491,1.29688616,#15 Apr 9,Batch 1
katalenacaban,Quantifiers,Gets paid by the Commons Stack so she only get 15% IH,,,,0.0,0.0,0.0,#15 Apr 9,Batch 1
aminlatifi,Quantifiers,Gets paid by the Giveth so he only gets 50% IH,,,,0.0,0.0,0.0,#15 Apr 9,Batch 1
iviangita,Quantifiers,Gets paid by the Commons Stack so she only gets 50% IH,,,,0.0,-20.1575,20.17814623,#14 Mar 26,Batch 1
freedumbs00,Quantifiers,Gets paid by the Commons Stack so he only get 15% IH,,,,0.0,-54.91085,9.68973309,#14 Mar 26,Batch 1
GriffGreen,Quantifiers,Gets paid by the Commons Stack so he only get 15% IH,,,,0.0,-54.58275,9.664792961,#14 Mar 26,Batch 1
liviade,Quantifiers,Gets paid by the Commons Stack so she only gets 15% IH,,,,0.0,-50.79175,8.994755433,#14 Mar 26,Batch 1
sembrestels,Quantifiers,Gets paid from the Commons Swarm so she gets 15% of Sem IH,,,,0.0,-52.11095,8.953102441,#14 Mar 26,Batch 1
paulo_c2d,Quantifiers,Gets paid from his work with the Commons Swarm so he gets 15% of his IH,,,,0.0,-48.841,8.642157226,#14 Mar 26,Batch 1
geleeroyale,Quantifiers,"Gets paid by the Commons Stack so he only gets 50% IH, but because the praise was low we gave full IH",,,,0.0,0.0,7.981607432,#14 Mar 26,Batch 1
Tam2140,Quantifiers,Gets paid by the Commons Stack so she only get 15% IH,,,,0.0,-43.24375,7.658555096,#14 Mar 26,Batch 1
JuankBell,Quantifiers,Gets paid by the Commons Stack so he only get 15% IH,,,,0.0,-37.3575,6.592937318,#14 Mar 26,Batch 1
naynaysoo,Quantifiers,Gets paid by the Commons Stack so he only get 15% IH,,,,0.0,-36.99115,6.554419189,#14 Mar 26,Batch 1
ygganderson,Quantifiers,Gets paid by the Commons Swarm so he only get 15% IH,,,,0.0,-34.9894,6.1981444,#14 Mar 26,Batch 1
xgabi,Quantifiers,"Gets paid from the Commons Swarm so she gets 15% of his IH, but because the praise was low we gave full IH",,,,0.0,,5.896912461,#14 Mar 26,Batch 1
sgonzt,Quantifiers,Gets paid partially by General Magic so he only gets 50% IH,,,,0.0,-5.6755,5.679617821,#14 Mar 26,Batch 1
JessicaZartler,Quantifiers,Gets paid by the Commons Stack so she only gets 15% IH,,,,0.0,-30.957,5.481538788,#14 Mar 26,Batch 1
vegayp,Quantifiers,Gets paid by the Commons Stack so he only gets 15% IH,,,,0.0,-30.43935,5.372117444,#14 Mar 26,Batch 1
markop,Quantifiers,"Marko gets paid by General Magic to just be a bad ass designer for Blockchain4good projects, so he only gets 15% of his IH",,,,0.0,-25.63005,4.539622205,#14 Mar 26,Batch 1
divine_comedian,Quantifiers,Gets paid by General Magic so he only get 15% IH,,,,0.0,-25.08945,4.442151087,#14 Mar 26,Batch 1
knobsDAO,Quantifiers,"Gets paid by the Commons Stack so he only get 15% IH, but because the praise was low we gave 50% IH",,,,0.0,-4.232,4.237101633,#14 Mar 26,Batch 1
fabiosmendes,Quantifiers,"Gets paid from General Magic so he gets 15% of his IH, but because the praise was low we gave full IH",,,,0.0,-4.1035,4.107765545,#14 Mar 26,Batch 1
chuygarcia92,Quantifiers,"Gets paid from the Commons Swarm so he gets 15% of his IH, but because the praise was low we gave 50% IH",,,,0.0,-4.0265,4.031191425,#14 Mar 26,Batch 1
VitorMarthendal,Quantifiers,Gets paid from General Magic so he gets 15% of his IH,,,,0.0,-19.6401,3.476095191,#14 Mar 26,Batch 1
Krisjones,Quantifiers,Gets paid by the Commons Stack so he only gets 15% IH,,,,0.0,-17.5406,3.106795899,#14 Mar 26,Batch 1
jeffemmett,Quantifiers,Gets paid by the Commons Stack so he only get 15% IH,,,,0.0,-16.89715,2.990291187,#14 Mar 26,Batch 1
fabimol,Quantifiers,Gets paid from his work with the Commons Swarm so he gets 15% of his IH,,,,0.0,-15.5006,2.743857443,#14 Mar 26,Batch 1
aminlatifi,Quantifiers,"Gets paid by the Giveth so he only gets 50% IH, but because the praise was low we gave full IH",,,,0.0,,1.28547603,#14 Mar 26,Batch 1
atacas,Quantifiers,"Gets paid by the Commons Stack so he only gets 50% IH, but because the praise was low we gave full IH",,,,0.0,,1.203053376,#14 Mar 26,Batch 1
fiorebotta,Quantifiers,Gets paid from the Commons Swarm so she gets 15% of her IH,,,,0.0,,0.0,#14 Mar 26,Batch 1
vivszaid,Quantifiers,Gets paid from the Commons Swarm so she gets 15% of her IH,,,,0.0,,0.0,#14 Mar 26,Batch 1
anthonyoliai,Quantifiers,Gets paid from his work with the Commons Swarm so he gets 15% of his IH,,,,0.0,,0.0,#14 Mar 26,Batch 1
katalenacaban,Quantifiers,Gets paid by the Commons Stack so she only get 15% IH,,,,0.0,,0.0,#14 Mar 26,Batch 1
iviangita,Quantifiers,Gets paid by the Commons Stack so she only gets 50% IH,,,,0.0,-10.919,10.91910943,#13 Mar 12,Batch 1
sembrestels,Quantifiers,Gets paid from the Commons Swarm so she gets 15% of Sem IH,,,,0.0,-60.24375,10.63173166,#13 Mar 12,Batch 1
GriffGreen,Quantifiers,Gets paid by the Commons Stack so he only get 15% IH,,,,0.0,-51.45985,8.991094546,#13 Mar 12,Batch 1
liviade,Quantifiers,Gets paid by the Commons Stack so she only gets 15% IH,,,,0.0,-49.5074,8.736447588,#13 Mar 12,Batch 1
JuankBell,Quantifiers,Gets paid by the Commons Stack so he only get 15% IH,,,,0.0,-47.31525,8.349620952,#13 Mar 12,Batch 1
Tam2140,Quantifiers,Gets paid by the Commons Stack so she only get 15% IH,,,,0.0,-38.37665,6.772330927,#13 Mar 12,Batch 1
freedumbs00,Quantifiers,Gets paid by the Commons Stack so he only get 15% IH,,,,0.0,-36.93165,6.517466392,#13 Mar 12,Batch 1
fiorebotta,Quantifiers,"Gets paid from the Commons Swarm so she gets 15% of her IH, but because the praise was low we gave full IH",,,,0.0,0.0,5.676964991,#13 Mar 12,Batch 1
JessicaZartler,Quantifiers,Gets paid by the Commons Stack so she only gets 15% IH,,,,0.0,-29.69475,5.240538869,#13 Mar 12,Batch 1
knobsDAO,Quantifiers,"Gets paid by the Commons Stack so he only get 15% IH, but because the praise was low we gave full IH",,,,0.0,0.0,4.825820077,#13 Mar 12,Batch 1
atacas,Quantifiers,"Gets paid by the Commons Stack so he only gets 50% IH, but because the praise was low we gave full IH",,,,0.0,0.0,4.31494159,#13 Mar 12,Batch 1
xgabi,Quantifiers,Gets paid from the Commons Swarm so she gets 15% of Sem IH,,,,0.0,-24.259,4.281374452,#13 Mar 12,Batch 1
VitorMarthendal,Quantifiers,Gets paid from General Magic so he gets 15% of his IH,,,,0.0,-22.3193,3.938758856,#13 Mar 12,Batch 1
naynaysoo,Quantifiers,Gets paid by the Commons Stack so he only get 15% IH,,,,0.0,-22.28615,3.933219585,#13 Mar 12,Batch 1
vegayp,Quantifiers,Gets paid by the Commons Stack so he only gets 15% IH,,,,0.0,-21.4608,3.787057259,#13 Mar 12,Batch 1
vivszaid,Quantifiers,"Gets paid from the Commons Swarm so she gets 15% of her IH, but because the praise was low we gave full IH",,,,0.0,0.0,3.566906905,#13 Mar 12,Batch 1
paulo_c2d,Quantifiers,Gets paid from his work with the Commons Swarm so he gets 15% of his IH,,,,0.0,-19.7353,3.482308843,#13 Mar 12,Batch 1
markop,Quantifiers,"Marko gets paid by General Magic to just be a bad ass designer for Blockchain4good projects, so he only gets 15% of his IH",,,,0.0,-19.1216,3.37435559,#13 Mar 12,Batch 1
Krisjones,Quantifiers,Gets paid by the Commons Stack so he only gets 15% IH,,,,0.0,-17.38165,3.067275463,#13 Mar 12,Batch 1
chuygarcia92,Quantifiers,Gets paid from the Commons Swarm so she gets 15% of her IH,,,,0.0,-13.6697,2.412302296,#13 Mar 12,Batch 1
geleeroyale,Quantifiers,"Gets paid by the Commons Stack so he only gets 50% IH, but because the praise was low we gave full IH",,,,0.0,0.0,2.214755613,#13 Mar 12,Batch 1
fabimol,Quantifiers,Gets paid from his work with the Commons Swarm so he gets 15% of his IH,,,,0.0,-12.3641,2.181621161,#13 Mar 12,Batch 1
anthonyoliai,Quantifiers,"Gets paid from his work with the Commons Swarm so he gets 15% of his IH, but because the praise was low we gave full IH",,,,0.0,0.0,2.173394104,#13 Mar 12,Batch 1
jeffemmett,Quantifiers,Gets paid by the Commons Stack so he only get 15% IH,,,,0.0,-11.7997,2.082513373,#13 Mar 12,Batch 1
fabiosmendes,Quantifiers,Gets paid from General Magic so he gets 15% of his IH,,,,0.0,-11.32455,1.998096258,#13 Mar 12,Batch 1
katalenacaban,Quantifiers,Gets paid by the Commons Stack so she only get 15% IH,,,,0.0,0.0,0.0,#13 Mar 12,Batch 1
aminlatifi,Quantifiers,Gets paid by the Giveth so he only gets 50% IH,,,,0.0,0.0,0.0,#13 Mar 12,Batch 1
iviangita,Quantifiers,Gets paid by the Commons Stack so she only gets 50% IH,,,,0.0,-25.7945,25.80518089,#12 Feb 26,Batch 1
atacas,Quantifiers,Gets paid by the Commons Stack so he only gets 50% IH,,,,0.0,-13.3125,13.31726536,#12 Feb 26,Batch 1
liviade,Quantifiers,Gets paid by the Commons Stack so she only gets 15% IH,,,,0.0,-67.65575,11.95672351,#12 Feb 26,Batch 1
ygganderson,Quantifiers,Gets paid by the Commons Stack so he only get 50% IH,,,,0.0,-11.909,11.91432022,#12 Feb 26,Batch 1
GriffGreen,Quantifiers,Gets paid by the Commons Stack so he only get 15% IH,,,,0.0,-61.2289,10.80477003,#12 Feb 26,Batch 1
Tam2140,Quantifiers,Gets paid by the Commons Stack so she only get 15% IH,,,,0.0,-48.93365,8.640675255,#12 Feb 26,Batch 1
sembrestels,Quantifiers,Gets paid from the Gardens Swarm so she gets 15% of her IH,,,,0.0,-42.32235,7.479808895,#12 Feb 26,Batch 1
aminlatifi,Quantifiers,Gets paid by the Giveth so he only gets 50% IH,,,,0.0,-6.468,6.470419806,#12 Feb 26,Batch 1
JessicaZartler,Quantifiers,Gets paid by the Commons Stack so she only gets 15% IH,,,,0.0,-36.5534,6.459898129,#12 Feb 26,Batch 1
VitorMarthendal,Quantifiers,Gets paid from General Magic so he gets 15% of his IH,,,,0.0,-35.57675,6.286065299,#12 Feb 26,Batch 1
markop,Quantifiers,"Marko gets paid by General Magic to just be a bad ass designer for Blockchain4good projects, so he only gets 15% of his IH",,,,0.0,-34.4165,6.081605125,#12 Feb 26,Batch 1
JuankBell,Quantifiers,Gets paid by the Commons Stack so he only get 15% IH,,,,0.0,-32.2252,5.687257912,#12 Feb 26,Batch 1
freedumbs00,Quantifiers,Gets paid by the Commons Stack so he only get 15% IH,,,,0.0,-31.3072,5.533341318,#12 Feb 26,Batch 1
Krisjones,Quantifiers,Gets paid by the Commons Stack so he only gets 15% IH,,,,0.0,-30.41215,5.374262556,#12 Feb 26,Batch 1
vegayp,Quantifiers,Gets paid by the Commons Stack so he only gets 15% IH,,,,0.0,-27.2476,4.815779724,#12 Feb 26,Batch 1
fabimol,Quantifiers,Gets paid from his work with the Gardens Swarm so he gets 15% of his IH,,,,0.0,-24.87525,4.396729809,#12 Feb 26,Batch 1
fabiosmendes,Quantifiers,Gets paid from General Magic so he gets 15% of his IH,,,,0.0,-23.43875,4.141322237,#12 Feb 26,Batch 1
geleeroyale,Quantifiers,Gets paid by the Commons Stack so she only gets 50% IH,,,,0.0,-17.77775,3.137739612,#12 Feb 26,Batch 1
chuygarcia92,Quantifiers,Gets paid from the Gardens Swarm so she gets 15% of her IH,,,,0.0,-16.2724,2.875882989,#12 Feb 26,Batch 1
jeffemmett,Quantifiers,Gets paid by the Commons Stack so he only get 15% IH,,,,0.0,-14.28595,2.52480455,#12 Feb 26,Batch 1
paulo_c2d,Quantifiers,Gets paid from his work with the Gardens Swarm so he gets 15% of his IH,,,,0.0,-9.8226,1.735239534,#12 Feb 26,Batch 1
knobsDAO,Quantifiers,Gets paid by the Commons Stack so he only get 15% IH,,,,0.0,-6.39625,1.130040853,#12 Feb 26,Batch 1
katalenacaban,Quantifiers,Gets paid by the Commons Stack so she only get 15% IH,,,,0.0,-6.25345,1.105106727,#12 Feb 26,Batch 1
vivszaid,Quantifiers,Gets paid from the Gardens Swarm so she gets 15% of her IH,,,,0.0,,0.0,#12 Feb 26,Batch 1
fiorebotta,Quantifiers,Gets paid from the Gardens Swarm so she gets 15% of her IH,,,,0.0,,0.0,#12 Feb 26,Batch 1
anthonyoliai,Quantifiers,Gets paid from his work with the Gardens Swarm so he gets 15% of his IH,,,,0.0,,0.0,#12 Feb 26,Batch 1
iviangita,Quantifiers,Gets paid by the Commons Stack so she only gets 50% IH,,,,0.0,-25.2275,25.22772061,#11 Feb 12,Batch 1
ygganderson,Quantifiers,Gets paid by the Commons Stack so he only get 50% IH,,,,0.0,-17.5495,17.54998212,#11 Feb 12,Batch 1
liviade,Quantifiers,Gets paid by the Commons Stack so she only gets 15% IH,,,,0.0,-81.7938,14.43379421,#11 Feb 12,Batch 1
VitorMarthendal,Quantifiers,Gets paid from General Magic so he gets 50% of his IH,,,,0.0,-11.984,11.98353789,#11 Feb 12,Batch 1
GriffGreen,Quantifiers,Gets paid by the Commons Stack so he only get 15% IH,,,,0.0,-55.9946,9.881107706,#11 Feb 12,Batch 1
freedumbs00,Quantifiers,Gets paid by the Commons Stack so he only get 15% IH,,,,0.0,-42.91905,7.573781541,#11 Feb 12,Batch 1
knobsDAO,Quantifiers,"Gets paid by the Commons Stack so he only get 15% IH, but because the praise was low we gave full IH",,,,0.0,,7.408437505,#11 Feb 12,Batch 1
markop,Quantifiers,"Marko gets paid by General Magic to just be a bad ass designer for Blockchain4good projects, so he only gets 15% of his IH",,,,0.0,-39.48845,6.968108792,#11 Feb 12,Batch 1
JessicaZartler,Quantifiers,Gets paid by the Commons Stack so she only gets 15% IH,,,,0.0,-38.46505,6.787617027,#11 Feb 12,Batch 1
JuankBell,Quantifiers,Gets paid by the Commons Stack so he only get 15% IH,,,,0.0,-37.32095,6.585860036,#11 Feb 12,Batch 1
Krisjones,Quantifiers,"Gets paid by the Commons Stack so he only gets 15% IH, but because the praise was low we gave full IH",,,,0.0,,6.283476136,#11 Feb 12,Batch 1
Tam2140,Quantifiers,Gets paid by the Commons Stack so she only get 15% IH,,,,0.0,-35.49175,6.262961604,#11 Feb 12,Batch 1
vegayp,Quantifiers,Gets paid by the Commons Stack so he only gets 15% IH,,,,0.0,-29.2162,5.155674751,#11 Feb 12,Batch 1
fabiosmendes,Quantifiers,Gets paid from General Magic so he gets 50% of his IH,,,,0.0,-4.7985,4.798777626,#11 Feb 12,Batch 1
sembrestels,Quantifiers,Gets paid from the Gardens Swarm so she gets 15% of her IH,,,,0.0,-19.24825,3.396597994,#11 Feb 12,Batch 1
paulo_c2d,Quantifiers,Gets paid from his work with the Gardens Swarm so he gets 15% of his IH,,,,0.0,-17.5729,3.101179916,#11 Feb 12,Batch 1
chuygarcia92,Quantifiers,Gets paid from the Gardens Swarm so she gets 15% of her IH,,,,0.0,-14.70585,2.594884667,#11 Feb 12,Batch 1
fabimol,Quantifiers,Gets paid from his work with the Gardens Swarm so he gets 15% of his IH,,,,0.0,-11.7436,2.072727261,#11 Feb 12,Batch 1
jeffemmett,Quantifiers,"Gets paid by the Commons Stack so he only get 15% IH, but because the praise was low we gave full IH",,,,0.0,,1.321108191,#11 Feb 12,Batch 1
vivszaid,Quantifiers,Gets paid from the Gardens Swarm so she gets 15% of her IH,,,,0.0,,0.0,#11 Feb 12,Batch 1
katalenacaban,Quantifiers,Gets paid by the Commons Stack so she only get 50% IH,,,,0.0,,0.0,#11 Feb 12,Batch 1
fiorebotta,Quantifiers,Gets paid from the Gardens Swarm so she gets 15% of her IH,,,,0.0,,0.0,#11 Feb 12,Batch 1
atacas,Quantifiers,Gets paid by the Commons Stack so he only gets 50% IH,,,,0.0,,0.0,#11 Feb 12,Batch 1
anthonyoliai,Quantifiers,Gets paid from his work with the Gardens Swarm so he gets 15% of his IH,,,,0.0,,0.0,#11 Feb 12,Batch 1
aminlatifi,Quantifiers,Gets paid by the Giveth so he only gets 50% IH,,,,0.0,,0.0,#11 Feb 12,Batch 1
iviangita,Quantifiers,Gets paid by the Commons Stack so she only gets 50% IH,,,,0.0,-25.635,25.63526864,#10 Jan 29,Batch 1
GriffGreen,Quantifiers,Gets paid by the Commons Stack so he only get 15% IH,,,,,-70.46075,12.43401535,#10 Jan 29,Batch 1
ygganderson,Quantifiers,Gets paid by the Commons Stack so she only get 15% IH,,,,,-50.6056,8.930831576,#10 Jan 29,Batch 1
liviade,Quantifiers,Gets paid by the Commons Stack so she only gets 15% IH,,,,0.0,-50.15935,8.851726303,#10 Jan 29,Batch 1
JuankBell,Quantifiers,Gets paid by the Commons Stack so he only get 15% IH,,,,0.0,-60.6373,8.718680184,#10 Jan 29,Batch 1
freedumbs00,Quantifiers,Gets paid by the Commons Stack so he only get 15% IH,,,,0.0,-45.47755,8.025634713,#10 Jan 29,Batch 1
sembrestels,Quantifiers,Gets paid from the Gardens Swarm so she gets 15% of her IH,,,,0.0,-45.36365,8.005361856,#10 Jan 29,Batch 1
JessicaZartler,Quantifiers,Gets paid by the Commons Stack so she only gets 15% IH,,,,0.0,-39.406,6.953861378,#10 Jan 29,Batch 1
Tam2140,Quantifiers,Gets paid by the Commons Stack so she only get 15% IH,,,,0.0,-38.2789,6.755354539,#10 Jan 29,Batch 1
chuygarcia92,Quantifiers,Gets paid from the Gardens Swarm so she gets 15% of her IH,,,,0.0,-33.2741,5.871911145,#10 Jan 29,Batch 1
fabimol,Quantifiers,Gets paid from his work with the Gardens Swarm so he gets 15% of his IH,,,,0.0,-20.8998,3.688533038,#10 Jan 29,Batch 1
paulo_c2d,Quantifiers,"Gets paid from his work with the Gardens Swarm so he gets 15% of his IH, but because the praise was low we gave full IH",,,,0.0,,3.668905447,#10 Jan 29,Batch 1
markop,Quantifiers,"Marko gets paid by General Magic to just be a bad ass designer for Blockchain4good projects, so he only gets 15% of his IH",,,,0.0,-17.7973,3.140640504,#10 Jan 29,Batch 1
jeffemmett,Quantifiers,Gets paid by the Commons Stack so he only get 15% IH,,,,0.0,-17.4148,3.073006834,#10 Jan 29,Batch 1
vegayp,Quantifiers,Gets paid by the Commons Stack so he only gets 15% IH,,,,0.0,-15.11895,2.667675184,#10 Jan 29,Batch 1
fiorebotta,Quantifiers,"Gets paid from the Gardens Swarm so she gets 15% of her IH, but because the praise was low we gave full IH",,,,0.0,,2.645889452,#10 Jan 29,Batch 1
aminlatifi,Quantifiers,Gets paid by the Giveth so he only gets 50% IH,,,,0.0,-2.524,2.523627074,#10 Jan 29,Batch 1
Krisjones,Quantifiers,Gets paid by the Commons Stack so he only gets 15% IH,,,,0.0,-9.31685,1.644529072,#10 Jan 29,Batch 1
vivszaid,Quantifiers,"Gets paid from the Gardens Swarm so she gets 15% of her IH, but because the praise was low we gave full IH",,,,0.0,,1.063261398,#10 Jan 29,Batch 1
anthonyoliai,Quantifiers,"Gets paid from his work with the Gardens Swarm so he gets 15% of his IH, but because the praise was low we gave full IH",,,,0.0,,1.063261398,#10 Jan 29,Batch 1
katalenacaban,Quantifiers,"Gets paid by the Commons Stack so she only get 50% IH, but because the praise was low we gave full IH",,,,0.0,,1.01217592,#10 Jan 29,Batch 1
knobsDAO,Quantifiers,Gets paid by the Commons Stack so he only get 15% IH,,,,0.0,-4.55515,0.8042503248,#10 Jan 29,Batch 1
atacas,Quantifiers,Gets paid by the Commons Stack so he only gets 50% IH,,,,0.0,,0.0,#10 Jan 29,Batch 1
iviangita,Quantifiers,Gets paid by the Commons Stack so she only gets 50% IH,,,,0.0,-19.1575,19.15736623,#9 Jan 15,Batch 1
sembrestels,Quantifiers,Gets paid from the Gardens Swarm so she gets 50% of her IH,,,,0.0,-19.0055,19.00593904,#9 Jan 15,Batch 1
mateodaza,Quantifiers,Gets paid by the Giveth so he only gets 50% IH,,,,0.0,-11.857,11.85725869,#9 Jan 15,Batch 1
JuankBell,Quantifiers,Gets paid by the Commons Stack so he only get 15% IH,,,,0.0,-54.2606,9.575225457,#9 Jan 15,Batch 1
knobsDAO,Quantifiers,"Gets paid by the Commons Stack so he only get 15% IH, but because the praise was low we gave full IH",,,,0.0,,9.40149574,#9 Jan 15,Batch 1
JessicaZartler,Quantifiers,Gets paid by the Commons Stack so she only gets 15% IH,,,,0.0,-49.06455,8.658705897,#9 Jan 15,Batch 1
GriffGreen,Quantifiers,Gets paid by the Commons Stack so he only get 15% IH,,,,,-43.33895,7.647892105,#9 Jan 15,Batch 1
liviade,Quantifiers,Gets paid by the Commons Stack so she only gets 15% IH,,,,0.0,-38.35115,6.767403323,#9 Jan 15,Batch 1
freedumbs00,Quantifiers,Gets paid by the Commons Stack so he only get 15% IH,,,,0.0,-36.34855,6.414607895,#9 Jan 15,Batch 1
Tam2140,Quantifiers,Gets paid by the Commons Stack so she only get 15% IH,,,,0.0,-34.187,6.032774268,#9 Jan 15,Batch 1
ygganderson,Quantifiers,Gets paid by the Commons Stack so she only get 15% IH,,,,,-23.9836,4.232451467,#9 Jan 15,Batch 1
markop,Quantifiers,"Marko gets paid by General Magic to just be a bad ass designer for Blockchain4good projects, so he only gets 15% of his IH",,,,0.0,-21.68095,3.826099636,#9 Jan 15,Batch 1
atacas,Quantifiers,Gets paid by the Commons Stack so he only gets 50% IH,,,,0.0,-3.721,3.721008763,#9 Jan 15,Batch 1
fiorebotta,Quantifiers,Gets paid from the Gardens Swarm so she gets 15% of her IH,,,,0.0,-8.91735,1.573232033,#9 Jan 15,Batch 1
vegayp,Quantifiers,Gets paid by the Commons Stack so he only gets 15% IH,,,,0.0,-8.56545,1.511564907,#9 Jan 15,Batch 1
fabimol,Quantifiers,Gets paid from his work with the Gardens Swarm so he gets 15% of his IH,,,,0.0,-6.31465,1.114455121,#9 Jan 15,Batch 1
katalenacaban,Quantifiers,Gets paid by the Commons Stack so she only get 50% IH,,,,0.0,-0.9325,0.9322701428,#9 Jan 15,Batch 1
vivszaid,Quantifiers,Gets paid from the Gardens Swarm so she gets 15% of her IH,,,,0.0,-5.0541,0.8923191307,#9 Jan 15,Batch 1
paulo_c2d,Quantifiers,Gets paid from his work with the Gardens Swarm so he gets 15% of his IH,,,,0.0,-4.7056,0.8304069957,#9 Jan 15,Batch 1
anthonyoliai,Quantifiers,Gets paid from his work with the Gardens Swarm so he gets 15% of his IH,,,,0.0,-4.505,0.794544475,#9 Jan 15,Batch 1
Krisjones,Quantifiers,Gets paid by the Commons Stack so he only gets 15% IH,,,,0.0,-4.4234,0.7805582855,#9 Jan 15,Batch 1
jeffemmett,Quantifiers,Gets paid by the Commons Stack so he only get 15% IH,,,,0.0,-2.22615,0.393273539,#9 Jan 15,Batch 1
aminlatifi,Quantifiers,Gets paid by the Giveth so he only gets 50% IH,,,,0.0,0.0,0.0,#9 Jan 15,Batch 1
sembrestels,Quantifiers,Only charged for 15 hours to the Garden Swarm to save money this period so he gets 75% of his IH,,,,0.0,-12.10175,36.30541675,#8 Jan 1,Batch 1
aminlatifi,Quantifiers,Gets paid by the Giveth so he only gets 50% IH,,,,0.0,-8.972,8.972174448,#8 Jan 1,Batch 1
mateodaza,Quantifiers,Gets paid by the Giveth so he only gets 50% IH,,,,0.0,-6.0215,6.021290811,#8 Jan 1,Batch 1
paulo_c2d,Quantifiers,Gets paid from his work with the Gardens Swarm so he gets 15% of his IH,,,,0.0,-29.4831,5.202598386,#8 Jan 1,Batch 1
GriffGreen,Quantifiers,Gets paid by the Commons Stack so he only get 15% IH,,,,,-28.9187,5.103338567,#8 Jan 1,Batch 1
markop,Quantifiers,"Marko gets paid by General Magic to just be a bad ass designer for Blockchain4good projects, so he only gets 15% of his IH",,,,0.0,-24.07965,4.248996007,#8 Jan 1,Batch 1
JessicaZartler,Quantifiers,Gets paid by the Commons Stack so she only gets 15% IH,,,,0.0,-19.19725,3.38736106,#8 Jan 1,Batch 1
liviade,Quantifiers,Gets paid by the Commons Stack so she only gets 15% IH,,,,0.0,-17.6392,3.112948052,#8 Jan 1,Batch 1
freedumbs00,Quantifiers,Gets paid by the Commons Stack so he only get 15% IH,,,,0.0,-15.2201,2.686236088,#8 Jan 1,Batch 1
fabimol,Quantifiers,Gets paid from his work with the Gardens Swarm so he gets 15% of his IH,,,,0.0,-14.31315,2.525471263,#8 Jan 1,Batch 1
Tam2140,Quantifiers,Gets paid by the Commons Stack so she only get 15% IH,,,,0.0,-14.20435,2.506925035,#8 Jan 1,Batch 1
JuankBell,Quantifiers,Gets paid by the Commons Stack so he only get 15% IH,,,,0.0,-13.6986,2.417102479,#8 Jan 1,Batch 1
iviangita,Quantifiers,Gets paid by the Commons Stack so she only gets 15% IH,,,,0.0,-9.8005,1.72909752,#8 Jan 1,Batch 1
fiorebotta,Quantifiers,Gets paid from the Gardens Swarm so she gets 15% of her IH,,,,0.0,-7.4834,1.320724879,#8 Jan 1,Batch 1
atacas,Quantifiers,Gets paid by the Commons Stack so he only gets 50% IH,,,,0.0,-0.7605,0.7607318148,#8 Jan 1,Batch 1
vegayp,Quantifiers,Gets paid by the Commons Stack so he only gets 15% IH,,,,0.0,-3.57,0.6297038334,#8 Jan 1,Batch 1
knobsDAO,Quantifiers,Gets paid by the Commons Stack so he only get 15% IH,,,,0.0,-3.5462,0.6262183348,#8 Jan 1,Batch 1
jeffemmett,Quantifiers,Gets paid by the Commons Stack so he only get 15% IH,,,,0.0,-2.80585,0.4948366712,#8 Jan 1,Batch 1
Krisjones,Quantifiers,Gets paid by the Commons Stack so he only gets 15% IH,,,,0.0,-0.44285,0.07790465789,#8 Jan 1,Batch 1
vivszaid,Quantifiers,Gets paid from the Gardens Swarm so she gets 15% of her IH,,,,0.0,,0.0,#8 Jan 1,Batch 1
katalenacaban,Quantifiers,Gets paid by the Commons Stack so she only get 50% IH,,,,0.0,,0.0,#8 Jan 1,Batch 1
anthonyoliai,Quantifiers,Gets paid from his work with the Gardens Swarm so he gets 15% of his IH,,,,0.0,,0.0,#8 Jan 1,Batch 1
sembrestels,Quantifiers,Only charged for 15 hours to the Garden Swarm to save money this period so he gets 75% of his IH,,,,0.0,-14.93675,44.81065722,#7 Dec 18,Batch 1
freedumbs00,Quantifiers,Gets paid by the Commons Stack so he only get 50% IH,,,,0.0,-19.0825,19.08290054,#7 Dec 18,Batch 1
JuankBell,Quantifiers,We made a deal with him to get paid 50% by the Commons Stack and only get 50% of his impact hours,,,,0.0,-15.9915,15.99163854,#7 Dec 18,Batch 1
mateodaza,Quantifiers,Gets paid by the Giveth so he only gets 50% IH,,,,0.0,-11.636,11.63639727,#7 Dec 18,Batch 1
GriffGreen,Quantifiers,Gets paid by the Commons Stack so he only get 15% IH,,,,,-58.1757,10.26614504,#7 Dec 18,Batch 1
katalenacaban,Quantifiers,Gets paid by the Commons Stack so she only get 50% IH,,,,0.0,-8.897,8.896925236,#7 Dec 18,Batch 1
liviade,Quantifiers,Gets paid by the Commons Stack so she only gets 15% IH,,,,0.0,-43.3959,7.65769915,#7 Dec 18,Batch 1
JessicaZartler,Quantifiers,Gets paid by the Commons Stack so she only gets 15% IH,,,,0.0,-37.8862,6.686071342,#7 Dec 18,Batch 1
Tam2140,Quantifiers,Gets paid by the Commons Stack so she only get 15% IH,,,,0.0,-35.4178,6.250621053,#7 Dec 18,Batch 1
aminlatifi,Quantifiers,Gets paid by the Giveth so he only gets 50% IH,,,,0.0,-5.019,5.018609165,#7 Dec 18,Batch 1
markop,Quantifiers,"Marko gets paid by General Magic to just be a bad ass designer for Blockchain4good projects, so he only gets 15% of his IH",,,,0.0,-20.32435,3.587054913,#7 Dec 18,Batch 1
paulo_c2d,Quantifiers,Gets paid from his work with the Gardens Swarm so he gets 15% of his IH,,,,0.0,-17.72675,3.158474945,#7 Dec 18,Batch 1
fabimol,Quantifiers,Gets paid from his work with the Gardens Swarm so he gets 15% of his IH,,,,0.0,-16.1976,2.858176389,#7 Dec 18,Batch 1
knobsDAO,Quantifiers,Gets paid by the Commons Stack so he only get 15% IH,,,,0.0,-14.64805,2.584516638,#7 Dec 18,Batch 1
atacas,Quantifiers,"Gets paid by the Commons Stack so he only gets 50% IH, but because the praise was low we gave full IH",,,,0.0,,2.181912754,#7 Dec 18,Batch 1
Krisjones,Quantifiers,Gets paid by the Commons Stack so he only gets 15% IH,,,,0.0,-10.7695,1.900784939,#7 Dec 18,Batch 1
vegayp,Quantifiers,Gets paid by the Commons Stack so he only gets 15% IH,,,,0.0,-10.03765,1.771694427,#7 Dec 18,Batch 1
iviangita,Quantifiers,Gets paid by the Commons Stack so she only gets 15% IH,,,,0.0,-9.02785,1.593410584,#7 Dec 18,Batch 1
jeffemmett,Quantifiers,Gets paid by the Commons Stack so he only get 15% IH,,,,0.0,-8.3878,1.480335354,#7 Dec 18,Batch 1
fiorebotta,Quantifiers,Gets paid from the Gardens Swarm so she gets 15% of her IH,,,,0.0,-6.24155,1.101188832,#7 Dec 18,Batch 1
vivszaid,Quantifiers,Gets paid from the Gardens Swarm so she gets 15% of her IH,,,,0.0,-4.0783,0.7103473646,#7 Dec 18,Batch 1
anthonyoliai,Quantifiers,Gets paid from his work with the Gardens Swarm so he gets 15% of his IH,,,,0.0,,0.0,#7 Dec 18,Batch 1
sembrestels,Quantifiers,Only charged for 3.5 hours to the Garden Swarm to save money this period so he gets 75% of his IH,,,,0.0,-14.26246391,42.78739172,#6 Dec 4,Batch 1
JuankBell,Quantifiers,We made a deal with him to get paid 50% by the Commons Stack and only get 50% of his impact hours,,,,0.0,-18.44834544,18.44834544,#6 Dec 4,Batch 1
freedumbs00,Quantifiers,Gets paid by the Commons Stack so he only get 50% IH,,,,0.0,-10.2155,10.21534963,#6 Dec 4,Batch 1
liviade,Quantifiers,Gets paid by the Commons Stack so she only gets 15% IH,,,,0.0,-51.29835,9.052678764,#6 Dec 4,Batch 1
paulo_c2d,Quantifiers,Gets paid from his work with the Gardens Swarm so he gets 15% of his IH,,,,0.0,-44.19858818,7.799750855,#6 Dec 4,Batch 1
JessicaZartler,Quantifiers,Gets paid by the Commons Stack so she only gets 15% IH,,,,0.0,-41.7129,7.361391983,#6 Dec 4,Batch 1
rubenrussel7,Quantifiers,He gets paid by the Commons Stack for his PrimeDAO work so he only gets 50% of the IH,,,,0.0,-6.321996295,6.321996295,#6 Dec 4,Batch 1
Tam2140,Quantifiers,Gets paid by the Commons Stack so she only get 15% IH,,,,0.0,-23.68672547,4.180010377,#6 Dec 4,Batch 1
Gfriis,Quantifiers,Gets paid by the Commons Stack so he only get 50% IH,,,,0.0,-3.092459782,3.092459782,#6 Dec 4,Batch 1
markop,Quantifiers,"Marko gets paid by General Magic to just be a bad ass designer for Blockchain4good projects, so he only gets 15% of his IH",,,,0.0,-16.02090548,2.827218614,#6 Dec 4,Batch 1
iviangita,Quantifiers,Gets paid by the Commons Stack so she only gets 15% IH,,,,0.0,-15.981844,2.820325412,#6 Dec 4,Batch 1
jeffemmett,Quantifiers,Gets paid by the Commons Stack so he only get 15% IH,,,,0.0,-15.43333696,2.723530052,#6 Dec 4,Batch 1
fabimol,Quantifiers,Gets paid from his work with the Gardens Swarm so he gets 15% of his IH,,,,0.0,-13.07900978,2.30806055,#6 Dec 4,Batch 1
knobsDAO,Quantifiers,Gets paid by the Commons Stack so he only get 15% IH,,,,0.0,-12.94041534,2.283602708,#6 Dec 4,Batch 1
Krisjones,Quantifiers,Gets paid by the Commons Stack so he only gets 15% IH,,,,0.0,-12.37706984,2.184188795,#6 Dec 4,Batch 1
vivszaid,Quantifiers,Gets paid from the Gardens Swarm so she gets 15% of her IH,,,,0.0,-12.01081492,2.119555574,#6 Dec 4,Batch 1
fiorebotta,Quantifiers,Gets paid from the Gardens Swarm so she gets 15% of her IH,,,,0.0,-9.456296984,1.668758291,#6 Dec 4,Batch 1
anthonyoliai,Quantifiers,Gets paid from his work with the Gardens Swarm so he gets 15% of his IH,,,,0.0,-7.315201857,1.290917975,#6 Dec 4,Batch 1
atacas,Quantifiers,Gets paid by the Commons Stack so he only gets 15% IH,,,,0.0,-5.494332429,0.9695880757,#6 Dec 4,Batch 1
JessicaZartler,liviade,Gets paid by the Commons Stack so she only get 15% IH,,,,,-40.7439,6.799412563,#5 Nov 20,Batch 2
JuankBell,GriffGreen,We made a deal with him to get paid 50% by the Commons Stack and only get 50% of his impact hours,,,,,-28.3934,4.676604844,#5 Nov 20,Batch 2
sembrestels,liviade,Gets paid from his work with the Gardens Swarm so he gets 35% of his IH,,,,,-27.2765,4.572555679,#5 Nov 20,Batch 2
Tam2140,GriffGreen,Gets paid by the Commons Stack so she only get 15% IH,,,,0.0,-13.63145,2.268670196,#5 Nov 20,Batch 2
paulo_c2d,liviade,Gets paid from his work with the Gardens Swarm so he gets 35% of his IH,,,,,-3.49895,1.846862666,#5 Nov 20,Batch 2
vivszaid,liviade,Gets paid from her work with the Gardens Swarm so she gets 35% of her IH,,,,,-10.506,1.774531779,#5 Nov 20,Batch 2
anthonyoliai,liviade,Gets paid from his work with the Gardens Swarm so he gets 35% of his IH,,,,,-2.6065,1.368289091,#5 Nov 20,Batch 2
markop,GriffGreen,"Marko gets paid by General Magic to just be a bad ass designer for Blockchain4good projects, so he only gets 15% of his IH",,,,,-7.19015,1.217078595,#5 Nov 20,Batch 2
rubenrussel7,GriffGreen,He gets paid by the Commons Stack for his PrimeDAO work so he only gets 15% of the IH for his primeDAO work ,,,,,-6.9972,1.185172111,#5 Nov 20,Batch 2
fiorebotta,liviade,Gets paid from the Gardens Swarm so she gets 35% of his IH,,,,,-2.0904,1.097391396,#5 Nov 20,Batch 2
atacas,liviade,Gets paid by the Commons Stack so he only gets 15% IH,,,,,-6.2237,1.06718362,#5 Nov 20,Batch 2
jeffemmett,GriffGreen,Gets paid by the Commons Stack so he only get 15% IH,,,,,-5.15355,0.8668321185,#5 Nov 20,Batch 2
Krisjones,GriffGreen,Gets paid by the Commons Stack so he only gets 15% IH,,,,,-3.66265,0.6096231987,#5 Nov 20,Batch 2
Gfriis,GriffGreen,Gets paid by the Commons Stack so he only get 15% IH,,,,,-3.4204,0.5693001486,#5 Nov 20,Batch 2
fabimol,liviade,Gets paid from his work with the Gardens Swarm so he gets 35% of his IH,,,,,-3.08465,0.5130537463,#5 Nov 20,Batch 2
iviangita,GriffGreen,Gets paid by the Commons Stack so she only get 15% IH,,,,,-1.3685,0.2273800594,#5 Nov 20,Batch 2
JessicaZartler,liviade,She gets 50% pay from Commons Stack for October and 100% pay for November... so thats 15% of IH from November and 50% IH from October which averages to 32.5%,,,,,-26.937225,13.44264796,#4 Nov 6,Batch 2
JuankBell,GriffGreen,We made a deal with him to get paid 50% by the Commons Stack and only get 50% of his impact hours,,,,,-8.092,8.285873809,#4 Nov 6,Batch 2
sembrestels,liviade,Gets paid from his work with the Gardens Swarm so he gets 15% of his IH,,,,,-35.25885,6.710756925,#4 Nov 6,Batch 2
rubenrussel7,GriffGreen,He gets paid by the Commons Stack for his PrimeDAO work so he only gets 15% of the IH for his primeDAO work ,,,,,-3.621,6.227013941,#4 Nov 6,Batch 2
paulo_c2d,liviade,Gets paid from his work with the Gardens Swarm so he gets 15% of his IH,,,,,-13.3365,2.536545936,#4 Nov 6,Batch 2
markop,GriffGreen,"Marko gets paid by General Magic to just be a bad ass designer for Blockchain4good projects, so he only gets 15% of his IH",,,,,-7.9543,1.50885345,#4 Nov 6,Batch 2
vivszaid,liviade,Gets paid from her work with the Gardens Swarm so she gets 15% of her IH,,,,,-7.7571,1.477557928,#4 Nov 6,Batch 2
iviangita,GriffGreen,Gets paid by the Commons Stack so he only get 15% IH,,,,,-5.6015,0.7286501052,#4 Nov 6,Batch 2
Gfriis,GriffGreen,Gets paid by the Commons Stack so he only get 15% IH,,,,,-2.37745,0.4514751658,#4 Nov 6,Batch 2
jeffemmett,GriffGreen,Gets paid by the Commons Stack so he only get 15% IH,,,,,-2.3749,0.4498654417,#4 Nov 6,Batch 2
ygganderson,Quantifiers,adjustments at the end ,,,,0.0,0.0,32.59248307,#18 May 21,Batch 3
ygganderson,Quantifiers,"Gets paid by the Commons Swarm so he only gets 15% of his IH, but he has been doing primarily other unpaid work so we are only deducting 20%",,,,0.0,-8.148,32.59248307,#18 May 21,Batch 3
mzargham,Quantifiers,adjustments at the end ,,,,0.007987872734,9.585447281,27.23150829,#18 May 21,Batch 3
wslyvh,Quantifiers,adjustments at the end ,,,,0.005405630592,6.48675671,22.68791072,#18 May 21,Batch 3
xgabi,Quantifiers,adjustments at the end ,,,,0.00692521865,8.310262379,19.24394548,#18 May 21,Batch 3
divine_comedian,Quantifiers,Gets paid from General Magic so he gets 50% of his IH,,,,0.0,-18.9995,18.9997855,#18 May 21,Batch 3
iviangita,Quantifiers,adjustments at the end ,,,,0.007623298929,9.147958715,15.49804854,#18 May 21,Batch 3
iviangita,Quantifiers,Gets paid by the Commons Stack so she only gets 50% IH,,,,0.0,-15.4985,15.49804854,#18 May 21,Batch 3
GriffGreen,Quantifiers,Gets paid by the Commons Stack so he only get 15% IH,,,,0.0,-66.25325,11.69207925,#18 May 21,Batch 3
chuygarcia92,Quantifiers,adjustments at the end ,,,,0.01172512913,14.07015496,10.00433474,#18 May 21,Batch 3
chuygarcia92,Quantifiers,Gets paid from the Commons Swarm and Commons Stack so he gets 15% of his IH,,,,0.0,-56.69075,10.00433474,#18 May 21,Batch 3
VitorMarthendal,Quantifiers,Gets paid from General Magic so he gets 50% of his IH,,,,0.0,-9.5375,9.537685531,#18 May 21,Batch 3
markop,Quantifiers,"Marko gets paid by General Magic to just be a bad ass designer for Blockchain4good projects, so he only gets 50% of his IH",,,,0.0,-9.374,9.37423072,#18 May 21,Batch 3
JuankBell,Quantifiers,Gets paid by the Commons Stack so he only get 15% IH,,,,0.0,-45.65095,8.057489898,#18 May 21,Batch 3
fabiosmendes,Quantifiers,Gets paid from General Magic so he gets 50% of his IH,,,,0.0,-7.6825,7.68270975,#18 May 21,Batch 3
Tam2140,Quantifiers,Gets paid by the Commons Stack so she only get 15% IH,,,,0.0,-40.4345,7.135832481,#18 May 21,Batch 3
Suga#8514,Quantifiers,Gets paid by the Commons Stack so she only gets 15% IH,,,,0.0,-39.86585,7.035174647,#18 May 21,Batch 3
mateodaza,Quantifiers,"Gets paid by Giveth so she only gets 50% IH, but because praise was low we gave full IH",,,,0.0,,6.761382618,#18 May 21,Batch 3
sembrestels,Quantifiers,Gets paid from the Commons Swarm so he gets 15% of his IH,,,,0.0,-37.49945,6.617346396,#18 May 21,Batch 3
fabimol,Quantifiers,"Gets paid from his work with the Commons Swarm so he gets 15% of his IH, but because the praise was low we gave 50% IH",,,,0.0,,6.420332091,#18 May 21,Batch 3
Laurenluz,Quantifiers,adjustments at the end ,,,,-0.0008186534323,-0.9823841188,6.223765014,#18 May 21,Batch 3
Laurenluz,Quantifiers,Gets paid by Giveth so she only gets 50% IH,,,,0.0,-35.26565,6.223765014,#18 May 21,Batch 3
JoeZ#9988,Quantifiers,adjustments at the end ,,,,0.0008059741127,0.9671689352,5.892302775,#18 May 21,Batch 3
geleeroyale,Quantifiers,"Gets paid by the Commons Swarm for some things so he only gets 50% IH, but because the praise was low we gave full IH",,,,0.0,,5.8196999,#18 May 21,Batch 3
liviade,Quantifiers,adjustments at the end ,,,,0.005862564565,7.035077478,5.715516951,#18 May 21,Batch 3
liviade,Quantifiers,Gets paid by the Commons Stack so she only gets 15% IH (THIS WAS EDITED TO MAKE IT MATCH THE ORIGINAL RESULTS AND ADJUSTED IN THE AUDIT!!!),,,,0.0,-54.4942647,5.715516951,#18 May 21,Batch 3
naynaysoo,Quantifiers,Gets paid by the Commons Stack so he only gets 15% of his IH,,,,0.0,-30.44955,5.373103762,#18 May 21,Batch 3
Vyvy-vi#5040,Quantifiers,adjustments at the end ,Token Engineering Commons,2021-05-08 00:00:00,üôèpraise,0.006103710871,7.324453045,4.624862609,#18 May 21,Batch 3
Vyvy-vi#5040,Quantifiers,Gets paid by the Commons Stack so he only gets 15% of his IH,,,,0.0,-26.2089,4.624862609,#18 May 21,Batch 3
vegayp,Quantifiers,Gets paid by the Commons Stack so he only gets 15% IH,,,,0.0,-23.47785,4.143633376,#18 May 21,Batch 3
jeffemmett,Quantifiers,adjustments at the end ,,,,0.005862564565,7.035077478,4.0867133,#18 May 21,Batch 3
jeffemmett,Quantifiers,Gets paid by the Commons Stack so he only get 15% IH,,,,,-23.15655,4.0867133,#18 May 21,Batch 3
aminlatifi,Quantifiers,"Gets paid by the Giveth so he only gets 50% IH, but because the praise was low we gave full IH",,,,0.0,0.0,3.655846228,#18 May 21,Batch 3
paulo_c2d,Quantifiers,Gets paid from his work with the Commons Swarm so he gets 15% of his IH,,,,0.0,-20.65925,3.645344196,#18 May 21,Batch 3
JessicaZartler,Quantifiers,Gets paid by the Commons Stack so she only gets 15% IH,,,,0.0,-19.5568,3.451156605,#18 May 21,Batch 3
atacas,Quantifiers,"Gets paid by the Commons Stack so he only gets 50% IH, but because praise was low we gave full IH",,,,0.0,,3.075623987,#18 May 21,Batch 3
Krisjones,Quantifiers,"Gets paid by the Commons Stack so he only get 15% IH, but because the praise was low we gave full IH",,,,0.0,-7.75285,1.367997931,#18 May 21,Batch 3
knobsDAO,Quantifiers,"Gets paid by the Commons Stack so he only get 15% IH, but because the praise was low we gave full IH",,,,0.0,-6.06985,1.070889201,#18 May 21,Batch 3
sembrestels,Quantifiers,Gets paid from the Commons Swarm so he gets 15% of his IH,,,,0.0,-130.1968312,22.97591139,#19 Jun 4,Batch 3
iviangita,Quantifiers,Gets paid by the Commons Stack so she only gets 50% IH,,,,0.0,-19.90539116,19.90539116,#19 Jun 4,Batch 3
markop,Quantifiers,adjustments at the end ,,,,-0.0006230529595,-0.8307372793,16.49071548,#19 Jun 4,Batch 3
markop,Quantifiers,"Marko gets paid by General Magic to just be a bad ass designer for Blockchain4good projects, so he only gets 50% of his IH",,,,0.0,-16.49071548,16.49071548,#19 Jun 4,Batch 3
Laurenluz,Quantifiers,Gets paid by Giveth so she only gets 50% IH,,,,0.0,-14.27216687,14.27216687,#19 Jun 4,Batch 3
divine_comedian,Quantifiers,adjustments at the end ,,,,0.001499254454,1.999005939,14.11042076,#19 Jun 4,Batch 3
divine_comedian,Quantifiers,Gets paid from General Magic so he gets 50% of his IH,,,,0.0,-14.11042076,14.11042076,#19 Jun 4,Batch 3
chuygarcia92,Quantifiers,Gets paid from the Commons Swarm and Commons Stack so he gets 15% of his IH,,,,0.0,-48.83337985,8.617655269,#19 Jun 4,Batch 3
aminlatifi,Quantifiers,"Gets paid by the Giveth so he only gets 50% IH, but because the praise was low we gave full IH",,,,0.0,0.0,8.383866676,#19 Jun 4,Batch 3
GriffGreen,Quantifiers,Gets paid by the Commons Stack so he only get 15% IH,,,,0.0,-45.01398282,7.943644026,#19 Jun 4,Batch 3
paulo_c2d,Quantifiers,Gets paid from his work with the Commons Swarm so he gets 15% of his IH,,,,0.0,-43.91541459,7.749779045,#19 Jun 4,Batch 3
liviade,Quantifiers,Gets paid by the Commons Stack so she only gets 15% IH,,,,0.0,-40.83768816,7.206650853,#19 Jun 4,Batch 3
kristoferkristofer ,Quantifiers,Gets paid by Commons Stack part time so he only gets 50% IH,,,,0.0,-7.069189295,7.069189295,#19 Jun 4,Batch 3
mateodaza,Quantifiers,Gets paid by Giveth so she only gets 50% IH,,,,0.0,-6.672314312,6.672314312,#19 Jun 4,Batch 3
knobsDAO,Quantifiers,"Gets paid by the Commons Stack so he only get 15% IH, but because the praise was low we gave 50% IH",,,,0.0,-6.148588772,6.148588772,#19 Jun 4,Batch 3
Tam2140,Quantifiers,Gets paid by the Commons Stack so she only get 15% IH,,,,0.0,-33.99180118,5.99855315,#19 Jun 4,Batch 3
zeptimusQ,Quantifiers,Gets paid by the Commons Stack so he only gets 15% IH,,,,0.0,-33.1343794,5.847243424,#19 Jun 4,Batch 3
JessicaZartler,Quantifiers,adjustments at the end ,,,,-0.001440876509,-1.921168679,5.752750817,#19 Jun 4,Batch 3
JessicaZartler,Quantifiers,Gets paid by the Commons Stack so she only gets 15% IH,,,,0.0,-32.5989213,5.752750817,#19 Jun 4,Batch 3
MerlinEgalite,Quantifiers,Gets paid by Giveth so he only gets 50% IH,,,,0.0,,5.719025159,#19 Jun 4,Batch 3
JuankBell,Quantifiers,Gets paid by the Commons Stack so he only get 15% IH,,,,0.0,-30.90909091,5.454545455,#19 Jun 4,Batch 3
jeffemmett,Quantifiers,Gets paid by the Commons Stack so he only get 15% IH,,,,,-29.78815749,5.256733674,#19 Jun 4,Batch 3
atacas,Quantifiers,"Gets paid by the Commons Stack so he only gets 50% IH, but because praise was low we gave full IH",,,,0.0,0.0,5.019989022,#19 Jun 4,Batch 3
fabiosmendes,Quantifiers,Gets paid from General Magic so he gets 50% of his IH,,,,0.0,-4.611993481,4.611993481,#19 Jun 4,Batch 3
VitorMarthendal,Quantifiers,Gets paid from General Magic so he gets 50% of his IH,,,,0.0,-4.611993481,4.611993481,#19 Jun 4,Batch 3
Krisjones,Quantifiers,"Gets paid by the Commons Stack so he only get 15% IH, but because the praise was low we gave 50% IH",,,,0.0,-4.475877125,4.475877125,#19 Jun 4,Batch 3
Suga#8514,Quantifiers,adjustments at the end ,,,,0.001752402989,2.336537318,4.301713001,#19 Jun 4,Batch 3
Suga#8514,Quantifiers,Gets paid by the Commons Stack so she only gets 15% IH,,,,0.0,-24.37637367,4.301713001,#19 Jun 4,Batch 3
vegayp,Quantifiers,Gets paid by the Commons Stack so he only gets 15% IH,,,,0.0,-23.18181818,4.090909091,#19 Jun 4,Batch 3
fabimol,Quantifiers,"Gets paid from his work with the Commons Swarm so he gets 15% of his IH, but because the praise was low we gave 50% IH",,,,0.0,-3.710714127,3.710714127,#19 Jun 4,Batch 3
geleeroyale,Quantifiers,"Gets paid by the Commons Swarm for some things so he only gets 50% IH, but because the praise was low we gave full IH",,,,0.0,0.0,3.545734515,#19 Jun 4,Batch 3
naynaysoo,Quantifiers,Gets paid by the Commons Stack so he only gets 15% of his IH,,,,0.0,-18.63224343,3.288042958,#19 Jun 4,Batch 3
Vyvy-vi#5040,Quantifiers,Gets paid by the Commons Stack so he only gets 15% of his IH,,,,0.0,-12.16475992,2.146722339,#19 Jun 4,Batch 3
solsista,Quantifiers,adjustments at the end ,,,,0.001912960306,2.295552367,23.74532085,#20 Jun 18,Batch 3
divine_comedian,Quantifiers,adjustments at the end  Commons upgrade dahsboard,,,,0.02162967991,25.9556159,21.7108357,#20 Jun 18,Batch 3
divine_comedian,Quantifiers,Gets paid from General Magic so he gets 50% of his IH,,,,0.0,-21.7108357,21.7108357,#20 Jun 18,Batch 3
iviangita,Quantifiers,Gets paid by the Commons Stack so she only gets 50% IH,,,,0.0,-20.28175049,20.28175049,#20 Jun 18,Batch 3
Laurenluz,Quantifiers,Gets paid by Giveth so she only gets 50% IH,,,,0.0,-19.87381738,19.87381738,#20 Jun 18,Batch 3
VitorMarthendal,Quantifiers,Gets paid from General Magic so he gets 50% of his IH,,,,0.0,-19.72011443,19.72011443,#20 Jun 18,Batch 3
markop,Quantifiers,adjustments at the end ,,,,0.0,0.0,17.50786825,#20 Jun 18,Batch 3
markop,Quantifiers,"Marko gets paid by General Magic to just be a bad ass designer for Blockchain4good projects, so he only gets 50% of his IH",,,,0.0,-17.50786825,17.50786825,#20 Jun 18,Batch 3
mateodaza,Quantifiers,Gets paid by Giveth so she only gets 50% IH,,,,0.0,-12.8287351,12.8287351,#20 Jun 18,Batch 3
sembrestels,Quantifiers,Gets paid from the Commons Swarm so he gets 15% of his IH,,,,0.0,-60.96011055,10.75766657,#20 Jun 18,Batch 3
sembrestels,Quantifiers,adjustments at the end ,,,,-0.00524060337,-6.288724044,10.75766657,#20 Jun 18,Batch 3
GriffGreen,Quantifiers,Gets paid by the Commons Stack so he only get 15% IH,,,,0.0,-51.89022239,9.157098069,#20 Jun 18,Batch 3
liviade,Quantifiers,Gets paid by the Commons Stack so she only gets 15% IH,,,,0.0,-51.38256272,9.067511069,#20 Jun 18,Batch 3
Tam2140,Quantifiers,Gets paid by the Commons Stack so she only get 15% IH,,,,0.0,-47.57567453,8.39570727,#20 Jun 18,Batch 3
kristoferkristofer ,Quantifiers,Gets paid by Commons Stack part time so he only gets 50% IH,,,,0.0,-7.740195469,7.740195469,#20 Jun 18,Batch 3
chuygarcia92,Quantifiers,Gets paid from the Commons Swarm and Commons Stack so he gets 15% of his IH,,,,0.0,-38.29528158,6.757990868,#20 Jun 18,Batch 3
zeptimusQ,Quantifiers,Gets paid by the Commons Stack so he only get 15% IH,,,,0.0,-38.29528158,6.757990868,#20 Jun 18,Batch 3
paulo_c2d,Quantifiers,Gets paid from his work with the Commons Swarm so he gets 15% of his IH,,,,0.0,-37.7376095,6.659578147,#20 Jun 18,Batch 3
paulo_c2d,Quantifiers,adjustments at the end ,,,,0.005906131983,7.087358379,6.659578147,#20 Jun 18,Batch 3
JuankBell,Quantifiers,Gets paid by the Commons Stack so he only get 15% IH,,,,0.0,-33.50837139,5.913242009,#20 Jun 18,Batch 3
knobsDAO,Quantifiers,"Gets paid by the Commons Stack so he only get 15% IH, but because the praise was low we gave 50% IH",,,,0.0,-5.84240067,5.84240067,#20 Jun 18,Batch 3
heater03,Quantifiers,"Gets paid by the Commons Stack so he only get 15% IH, but because the praise was low we gave 50% IH",,,,0.0,-5.748543911,5.748543911,#20 Jun 18,Batch 3
danibelle,Quantifiers,Gets paid by Giveth so she only gets 50% IH,,,,0.0,-5.369564028,5.369564028,#20 Jun 18,Batch 3
naynaysoo,Quantifiers,Gets paid by the Commons Stack so he only gets 15% of his IH,,,,0.0,-25.41981825,4.48585028,#20 Jun 18,Batch 3
vegayp,Quantifiers,Gets paid by the Commons Stack so he only gets 15% IH,,,,0.0,-23.97513222,4.230905687,#20 Jun 18,Batch 3
JessicaZartler,Quantifiers,Gets paid by the Commons Stack so she only gets 15% IH,,,,0.0,-22.66806281,4.000246379,#20 Jun 18,Batch 3
JessicaZartler,Quantifiers,adjustments at the end ,,,,0.0,0.0,4.000246379,#20 Jun 18,Batch 3
Krisjones,Quantifiers,"Gets paid by the Commons Stack so he only get 15% IH, but because the praise was low we gave 50% IH",,,,0.0,-3.526190245,3.526190245,#20 Jun 18,Batch 3
Suga#8514,Quantifiers,Gets paid by the Commons Stack so she only gets 15% IH,,,,0.0,-19.4243163,3.427820523,#20 Jun 18,Batch 3
Suga#8514,Quantifiers,adjustments at the end ,,,,0.0,0.0,3.427820523,#20 Jun 18,Batch 3
geleeroyale,Quantifiers,"Gets paid by the Commons Swarm for some things so he only gets 50% IH, but because the praise was low we gave full IH",,,,0.0,0.0,3.073175372,#20 Jun 18,Batch 3
jeffemmett,Quantifiers,Gets paid by the Commons Stack so he only get 15% IH,,,,,-16.14485052,2.849091268,#20 Jun 18,Batch 3
jeffemmett,Quantifiers,adjustments at the end ,,,,0.001912960306,2.295552367,2.849091268,#20 Jun 18,Batch 3
lescanore,Quantifiers,Gets paid by the Commons Stack so he only gets 15% of his IH,,,,0.0,-15.4020526,2.718009282,#20 Jun 18,Batch 3
Vyvy-vi#5040,Quantifiers,Gets paid by the Commons Stack so he only gets 15% of his IH,,,,0.0,-14.00527131,2.471518467,#20 Jun 18,Batch 3
acidlazzer#5796,Quantifiers,Gets paid by the Commons Stack so he only gets 15% of his IH,,,,0.0,-13.16216885,2.32273568,#20 Jun 18,Batch 3
fabiosmendes,Quantifiers,Gets paid from General Magic so he gets 50% of his IH,,,,0.0,-2.066741464,2.066741464,#20 Jun 18,Batch 3
MerlinEgalite,Quantifiers,Gets paid by Giveth so he only gets 50% IH,,,,0.0,-2.030880242,2.030880242,#20 Jun 18,Batch 3
aminlatifi,Quantifiers,"Gets paid by the Giveth so he only gets 50% IH, but because the praise was low we gave full IH",,,,0.0,0.0,1.863176014,#20 Jun 18,Batch 3
fabimol,Quantifiers,"Gets paid from his work with the Commons Swarm so he gets 15% of his IH, but because the praise was low we gave 50% IH",,,,0.0,-1.624272817,1.624272817,#20 Jun 18,Batch 3
atacas,Quantifiers,"Gets paid by the Commons Stack so he only gets 50% IH, but because praise was low we gave full IH",,,,0.0,0.0,0.0,#20 Jun 18,Batch 3
ygganderson,Quantifiers,adjustments at the end ,,,,0.003243488696,4.216535305,48.71223601,#21 July 1,Batch 3
akrtws ,Quantifiers,adjustments at the end ,,,,0.003243488696,4.216535305,40.91863522,#21 July 1,Batch 3
trentmc0,Quantifiers,adjustments at the end ,,,,0.001467684515,1.90798987,40.63520333,#21 July 1,Batch 3
lkngtn,Quantifiers,adjustments at the end ,,,,0.006209200757,8.071960985,38.98409019,#21 July 1,Batch 3
mzargham,Quantifiers,adjustments at the end ,,,,0.02903733844,37.74853997,37.74853997,#21 July 1,Batch 3
JonathanBSci,Quantifiers,adjustments at the end ,,,,0.02903733844,37.74853997,37.74853997,#21 July 1,Batch 3
divine_comedian,Quantifiers,adjustments at the end  Commons upgrade dahsboard,,,,0.002695106991,3.503639088,19.52219177,#21 July 1,Batch 3
divine_comedian,Quantifiers,Gets paid from General Magic so he gets 50% of his IH,,,,0.0,-19.52219177,19.52219177,#21 July 1,Batch 3
cranders71,Quantifiers,adjustments at the end ,,,,0.007985004939,10.38050642,17.28920662,#21 July 1,Batch 3
Laurenluz,Quantifiers,Gets paid by Giveth so she only gets 50% IH,,,,0.0,-16.63175584,16.63175584,#21 July 1,Batch 3
solsista,Quantifiers,adjustments at the end ,,,,0.002594790957,3.373228244,13.20930252,#21 July 1,Batch 3
danlessa,Quantifiers,adjustments at the end ,,,,0.004428867757,5.757528084,10.25234876,#21 July 1,Batch 3
markop,Quantifiers,"Marko gets paid by General Magic to just be a bad ass designer for Blockchain4good projects, so he only gets 50% of his IH",,,,0.0,-9.749374724,9.749374724,#21 July 1,Batch 3
markop,Quantifiers,adjustments at the end ,,,,0.001946093218,2.529921183,9.749374724,#21 July 1,Batch 3
mateodaza,Quantifiers,Gets paid by Giveth so she only gets 50% IH,,,,0.0,-8.784239126,8.784239126,#21 July 1,Batch 3
mateodaza,Quantifiers,adjustments at the end ,,,,0.008409669842,10.93257079,8.784239126,#21 July 1,Batch 3
sembrestels,Quantifiers,Gets paid from the Commons Swarm so he gets 15% of his IH,,,,0.0,-49.0888238,8.662733612,#21 July 1,Batch 3
sembrestels,Quantifiers,adjustments at the end ,,,,0.006038911721,7.850585237,8.662733612,#21 July 1,Batch 3
GriffGreen,Quantifiers,Gets paid by the Commons Stack so he only get 15% IH,,,,0.0,-48.76328951,8.605286384,#21 July 1,Batch 3
heater03,Quantifiers,Gets paid by the Commons Stack part time so he only get 50% IH,,,,0.0,-8.555582391,8.555582391,#21 July 1,Batch 3
jeffemmett,Quantifiers,Gets paid by the Commons Stack so he only get 15% IH,,,,,-47.35067774,8.356001954,#21 July 1,Batch 3
jeffemmett,Quantifiers,adjustments at the end ,,,,0.02741559409,35.64027231,8.356001954,#21 July 1,Batch 3
zeptimusQ,Quantifiers,Gets paid by the Commons Stack so he only get 15% IH,,,,0.0,-47.2983871,8.346774194,#21 July 1,Batch 3
liviade,Quantifiers,Gets paid by the Commons Stack so she only gets 15% IH,,,,0.0,-46.17811327,8.149078812,#21 July 1,Batch 3
VitorMarthendal,Quantifiers,Gets paid from General Magic so he gets 50% of his IH,,,,0.0,-7.990668573,7.990668573,#21 July 1,Batch 3
VitorMarthendal,Quantifiers,adjustments at the end ,,,,0.002919139827,3.794881775,7.990668573,#21 July 1,Batch 3
paulo_c2d,Quantifiers,Gets paid from his work with the Commons Swarm so he gets 15% of his IH,,,,0.0,-40.4408913,7.136627877,#21 July 1,Batch 3
paulo_c2d,Quantifiers,adjustments at the end ,,,,0.0182170512,23.68216655,7.136627877,#21 July 1,Batch 3
paulo_c2d,Quantifiers,adjustments at the end ,,,,0.0009730466089,1.264960592,7.136627877,#21 July 1,Batch 3
JuankBell,Quantifiers,Gets paid by the Commons Stack so he only get 15% IH,,,,0.0,-39.07258065,6.89516129,#21 July 1,Batch 3
Tam2140,Quantifiers,Gets paid by the Commons Stack so she only get 15% IH,,,,0.0,-36.50617472,6.442266127,#21 July 1,Batch 3
chuygarcia92,Quantifiers,Gets paid from the Commons Swarm and Commons Stack so he gets 15% of his IH,,,,0.0,-31.81177891,5.613843337,#21 July 1,Batch 3
iviangita,Quantifiers,Gets paid by the Commons Stack so she only gets 50% IH,,,,0.0,-31.33674,5.530012942,#21 July 1,Batch 3
vegayp,Quantifiers,Gets paid by the Commons Stack so he only gets 15% IH,,,,0.0,-30.84677419,5.443548387,#21 July 1,Batch 3
kristoferkristofer ,Quantifiers,Gets paid by Commons Stack part time so he only gets 50% IH,,,,0.0,-5.223013355,5.223013355,#21 July 1,Batch 3
Vyvy-vi#5040,Quantifiers,Gets paid by the Commons Stack so he only gets 15% of his IH,,,,0.0,-28.4958183,5.028673817,#21 July 1,Batch 3
Vyvy-vi#5040,Quantifiers,adjustments at the end ,,,,0.001621744348,2.108267653,5.028673817,#21 July 1,Batch 3
Krisjones,Quantifiers,"Gets paid by the Commons Stack so he only get 15% IH, but because the praise was low we gave 50% IH",,,,0.0,-4.883408955,4.883408955,#21 July 1,Batch 3
acidlazzer#5796,Quantifiers,"Gets paid by the Commons Stack so he only get 15% IH, but because the praise was low we gave 50% IH",,,,0.0,-4.781775505,4.781775505,#21 July 1,Batch 3
naynaysoo,Quantifiers,Gets paid by the Commons Stack so he only gets 15% of his IH,,,,0.0,-26.69168676,4.710297664,#21 July 1,Batch 3
naynaysoo,Quantifiers,adjustments at the end ,,,,0.002594790957,3.373228244,4.710297664,#21 July 1,Batch 3
geleeroyale,Quantifiers,"Gets paid by the Giveth so he only get 50% IH, but because the praise was low we gave 75% IH",,,,0.0,-1.409015499,4.227046498,#21 July 1,Batch 3
Suga#8514,Quantifiers,Gets paid by the Commons Stack so she only gets 15% IH,,,,0.0,-22.81057016,4.025394735,#21 July 1,Batch 3
Suga#8514,Quantifiers,adjustments at the end ,,,,0.001621744348,2.108267653,4.025394735,#21 July 1,Batch 3
Suga#8514,Quantifiers,adjustments at the end ,,,,0.001946093218,2.529921183,4.025394735,#21 July 1,Batch 3
lescanore,Quantifiers,"Gets paid by the Commons Stack so he only get 15% IH, but because the praise was low we gave 50% IH",,,,0.0,-3.537920283,3.537920283,#21 July 1,Batch 3
JessicaZartler,Quantifiers,adjustments at the end ,,,,0.003243488696,4.216535305,3.437914039,#21 July 1,Batch 3
JessicaZartler,Quantifiers,Gets paid by the Commons Stack so she only gets 15% IH,,,,0.0,-19.48151289,3.437914039,#21 July 1,Batch 3
MerlinEgalite,Quantifiers,"Gets paid by Giveth so he only gets 50% IH, but because praise was low, gave 75% IH",,,,0.0,-1.018094556,3.054283668,#21 July 1,Batch 3
aminlatifi,Quantifiers,"Gets paid by the Giveth so he only gets 50% IH, but because the praise was low we gave full IH",,,,0.0,0.0,3.044940949,#21 July 1,Batch 3
knobsDAO,Quantifiers,"Gets paid by the Commons Stack so he only gets 50% IH, but because praise was low we gave full IH",,,,0.0,0.0,2.820853176,#21 July 1,Batch 3
fabimol,Quantifiers,"Gets paid by the Commons Stack so he only gets 50% IH, but because praise was low we gave full IH",,,,0.0,0.0,2.818030999,#21 July 1,Batch 3
fabiosmendes,Quantifiers,"Gets paid from General Magic so he gets 50% of his IH, but because praise was low, gave 75% IH",,,,0.0,-0.9386760737,2.816028221,#21 July 1,Batch 3
freshelle,Quantifiers,"Gets paid from General Magic so she gets 50% of her IH, but because praise was low we gave full IH",,,,0.0,0.0,2.396377468,#21 July 1,Batch 3
Ekeneodigwe#1502,Quantifiers,"Gets paid by the Commons Stack so he only get 15% IH, but because the praise was low we gave 50% IH",,,,0.0,-2.304283967,2.304283967,#21 July 1,Batch 3
danibelle,Quantifiers,"Gets paid by Giveth so she only gets 50% IH, but because praise was low we gave full IH",,,,0.0,0.0,0.4293879318,#21 July 1,Batch 3
atacas,Quantifiers,"Gets paid by the Commons Stack so he only gets 50% IH, but because praise was low we gave full IH",,,,0.0,0.0,0.0,#21 July 1,Batch 3
mzargham,Quantifiers,Adjustments at the end ,,,,0.02051715383,41.03430765,102.9985098,#22 July 11,Batch 3
trentmc0,Quantifiers,Adjustments at the end ,,,,0.02480431367,49.60862733,83.79320495,#22 July 11,Batch 3
ethicraul,Quantifiers,Adjustments at the end ,,,,0.01840974662,36.81949325,54.57843002,#22 July 11,Batch 3
sherminv,Quantifiers,Adjustments at the end ,,,,0.01820855144,36.41710289,50.70023386,#22 July 11,Batch 3
solsista,Quantifiers,Adjustments at the end ,,,,0.007809458891,15.61891778,49.44815976,#22 July 11,Batch 3
lkngtn,Quantifiers,Adjustments at the end ,,,,0.01066995601,21.33991202,46.50807176,#22 July 11,Batch 3
xgabi,Quantifiers,Adjustments at the end ,,,,0.0139213916,27.84278321,46.26580817,#22 July 11,Batch 3
simondlr,Quantifiers,Adjustments at the end ,,,,0.02134119608,42.68239216,45.14216478,#22 July 11,Batch 3
akrtws ,Quantifiers,Adjustments at the end ,,,,0.007809458891,15.61891778,44.28215547,#22 July 11,Batch 3
randomshinichi,Quantifiers,Adjustments at the end ,,,,0.01721884469,34.43768939,41.83899291,#22 July 11,Batch 3
danlessa,Quantifiers,Adjustments at the end ,,,,0.01066995601,21.33991202,40.09511367,#22 July 11,Batch 3
nathalia#0926,Quantifiers,Adjustments at the end ,,,,0.01556990414,31.13980827,36.5648573,#22 July 11,Batch 3
uPaul,Quantifiers,Adjustments at the end ,,,,0.01644124795,32.88249591,33.7031307,#22 July 11,Batch 3
vntrp,Quantifiers,Adjustments at the end ,,,,0.01248413304,24.96826608,33.35467043,#22 July 11,Batch 3
willjgriff,Quantifiers,Adjustments at the end ,,,,0.01231932459,24.63864917,28.42242862,#22 July 11,Batch 3
Laurenluz,Quantifiers,Gets paid by Giveth so she only gets 50% IH,,,,0.0,-27.85162501,27.99233639,#22 July 11,Batch 3
divine_comedian,Quantifiers,Gets paid from General Magic so he gets 50% of his IH,,,,0.0,-26.85496008,26.9873705,#22 July 11,Batch 3
BenjaminScholtz,Quantifiers,Adjustments at the end ,,,,0.008196545176,16.39309035,22.96498361,#22 July 11,Batch 3
VitorMarthendal,Quantifiers,Gets paid from General Magic so he gets 50% of his IH,,,,0.0,-19.2096482,19.32454561,#22 July 11,Batch 3
TannrA,Quantifiers,Adjustments at the end ,,,,0.007372074898,14.7441498,17.04473879,#22 July 11,Batch 3
GriffGreen,Quantifiers,Gets paid by the Commons Stack so he only get 15% IH,,,,0.0,-92.29350124,16.53763569,#22 July 11,Batch 3
markop,Quantifiers,"Marko gets paid by General Magic to just be a bad ass designer for Blockchain4good projects, so he only gets 50% of his IH",,,,0.0,-14.49945369,14.5753771,#22 July 11,Batch 3
naynaysoo,Quantifiers,Gets paid by the Commons Stack so he only gets 15% of his IH,,,,0.0,-65.38461538,11.53846154,#22 July 11,Batch 3
jeffemmett,Quantifiers,Gets paid by the Commons Stack so he only get 15% IH,,,,,-58.22503367,10.44102512,#22 July 11,Batch 3
sembrestels,Quantifiers,Gets paid from the Commons Swarm so he gets 15% of his IH,,,,0.0,-56.61741316,10.1911386,#22 July 11,Batch 3
Tam2140,Quantifiers,Gets paid by the Commons Stack so she only get 15% IH,,,,0.0,-53.78105947,9.620452375,#22 July 11,Batch 3
liviade,Quantifiers,Gets paid by the Commons Stack so she only gets 15% IH,,,,0.0,-53.3511653,9.54651209,#22 July 11,Batch 3
kristoferkristofer ,Quantifiers,Adjustments at the end ,,,,0.001974336752,3.948673504,8.841656276,#22 July 11,Batch 3
kristoferkristofer ,Quantifiers,Gets paid by Commons Stack part time so he only gets 50% IH,,,,0.0,-8.800758869,8.841656276,#22 July 11,Batch 3
zeptimusQ,Quantifiers,Gets paid by the Commons Stack so he only get 15% IH,,,,0.0,-49.06418471,8.788265174,#22 July 11,Batch 3
mateodaza,Quantifiers,Gets paid by Giveth so she only gets 50% IH,,,,0.0,-8.355215544,8.396720338,#22 July 11,Batch 3
Suga#8514,Quantifiers,Gets paid by the Commons Stack so she only gets 15% IH,,,,0.0,-40.23668639,7.100591716,#22 July 11,Batch 3
JessicaZartler,Quantifiers,Gets paid by the Commons Stack so she only gets 15% IH,,,,0.0,-37.6282881,6.744756739,#22 July 11,Batch 3
Vyvy-vi#5040,Quantifiers,Gets paid by the Commons Stack so he only gets 15% of his IH,,,,0.0,-35.20710059,6.213017751,#22 July 11,Batch 3
chuygarcia92,Quantifiers,Gets paid from the Commons Swarm and Commons Stack so he gets 15% of his IH,,,,0.0,-32.47782282,5.806392821,#22 July 11,Batch 3
freshelle,Quantifiers,"Gets paid from General Magic so she gets 50% of her IH, but because praise was low we gave 75% IH",,,,0.0,-1.842858404,5.540722956,#22 July 11,Batch 3
Krisjones,Quantifiers,"Gets paid by the Commons Stack so he only get 15% IH, but because the praise was low we gave 75% IH",,,,0.0,-1.703551463,5.121384896,#22 July 11,Batch 3
heater03,Quantifiers,"Gets paid by the Commons Stack so he only gets 50% IH, but because praise was low we gave full IH",,,,0.0,0.0,4.855753608,#22 July 11,Batch 3
acidlazzer#5796,Quantifiers,"Gets paid by the Commons Stack so he only get 15% IH, but because the praise was low we gave 50% IH",,,,0.0,-4.63738129,4.658234919,#22 July 11,Batch 3
paulo_c2d,Quantifiers,Gets paid from his work with the Commons Swarm so he gets 15% of his IH,,,,0.0,-25.78852375,4.645668364,#22 July 11,Batch 3
danibelle,Quantifiers,"Gets paid by Giveth so she only gets 50% IH, but because praise was low we gave 75% IH",,,,0.0,-1.351765675,4.071494018,#22 July 11,Batch 3
bradleyc#1813,Quantifiers,"Gets paid by the Commons Swarm so he only get 15% IH, but because the praise was low we gave 75% IH",,,,0.0,-1.272516029,3.817548086,#22 July 11,Batch 3
iviangita,Quantifiers,Gets paid by the Commons Stack so she only gets 50% IH,,,,0.0,-21.20487764,3.793867607,#22 July 11,Batch 3
JuankBell,Quantifiers,Gets paid by the Commons Stack so he only get 15% IH,,,,0.0,-21.06787217,3.77282834,#22 July 11,Batch 3
knobsDAO,Quantifiers,"Gets paid by the Commons Stack so he only gets 50% IH, but because praise was low we gave full IH",,,,0.0,0.0,3.698053361,#22 July 11,Batch 3
atacas,Quantifiers,"Gets paid by the Commons Stack so he only gets 50% IH, but because praise was low we gave full IH",,,,0.0,0.0,3.119177631,#22 July 11,Batch 3
vegayp,Quantifiers,Gets paid by the Commons Stack so he only gets 15% IH,,,,0.0,-17.00763545,3.044471925,#22 July 11,Batch 3
Mount Manu#3530,Quantifiers,Gets paid by the Commons Stack so he only gets 15% of his IH,,,,0.0,-13.30732922,2.348352216,#22 July 11,Batch 3
jukren#8803,Quantifiers,Gets paid by General Magic so she only gets 15% of her IH,,,,0.0,-11.19129941,1.97493519,#22 July 11,Batch 3
aminlatifi,Quantifiers,"Gets paid by the Giveth so he only gets 50% IH, but because the praise was low we gave full IH",,,,0.0,0.0,1.958913374,#22 July 11,Batch 3
aminlatifi,Quantifiers,Adjustments at the end (for working on swissmembership dapp),,,,0.000979456687,1.958913374,1.958913374,#22 July 11,Batch 3
MerlinEgalite,Quantifiers,"Gets paid by the Giveth so he only gets 50% IH, but because the praise was low we gave full IH",,,,0.0,0.0,1.230952186,#22 July 11,Batch 3
Ekeneodigwe#1502,Quantifiers,"Gets paid by the Commons Stack so he only gets 50% IH, but because praise was low we gave full IH",,,,0.0,0.0,0.8206347905,#22 July 11,Batch 3
fabimol,Quantifiers,"Gets paid by the Commons Swarm so he only gets 50% IH, but because praise was low we gave full IH",,,,0.0,0.0,0.4103173952,#22 July 11,Batch 3
fabiosmendes,Quantifiers,"Gets paid from General Magic so he gets 50% of his IH, but because praise was low, gave 75% IH",,,,0.0,0.0,0.0,#22 July 11,Batch 3
geleeroyale,Quantifiers,"Gets paid by the Giveth so he only get 50% IH, but because the praise was low we gave 75% IH",,,,0.0,0.0,0.0,#22 July 11,Batch 3
